Workbook

Sheet 규칙상수
A1: TEN — 규칙 상수 및 예산 공식
A2: 파란 글씨 = 직접 수정하는 값 / 검은 글씨 = 수식. 이 시트의 값만 바꾸면 전 시트가 재계산됩니다.
A4: 게임 상수
A5: 시작 HP | B5: 60 | C5: 플레이어 시작 체력
A6: 마나 상한 | B6: 6 | C6: 매 턴 1씩 충전, 이 값에서 고정
A7: 보드 슬롯 | B7: 10 | C7: 크리처와 인챈트가 공유
A8: 스택 상한 | B8: 5 | C8: 동명 크리처 최대 중첩 수
A9: 덱 사이즈 | B9: 30 | C9: 소진 시 매 턴 누적 피해
A11: 예산 공식 계수
A12: P = a×n + b + (n−1)² × k
A13: a (선형 계수) | B13: 3 | C13: 코스트당 기본 증가분
A14: b (기본값) | B14: 1 | C14: 1코스트 기준선
A15: k (지수 계수) | B15: 0.5 | C15: 후반 결정력 강도. 올리면 고코스트가 강해짐
A16: 인챈트 a | B16: 4 | C16: 인챈트 총산출 T의 선형 계수
A17: 인챈트 b | B17: 2 | C17: 인챈트 기본값
A19: 태그별 가중치
A20: 태그 | B20: ATK 가중 | C20: HP 가중 | D20: 예산 보정 | E20: 설계 의도
A21: 일반 | B21: 2 | C21: 1 | D21: 0 | E21: ATK가 누적되므로 HP의 2배 가치
A22: 수호 | B22: 2 | C22: 2 | D22: 2 | E22: HP가 흡수 자원을 겸함. 예산 +2로 튼튼하게
A23: 비행 | B23: 4 | C23: 1 | D23: 0 | E23: 수호가 흔한 환경에서 확정 페이스 딜
A24: 비행수호 | B24: 4 | C24: 2 | D24: 2 | E24: 잠정치 — 실플레이 검증 필요
A27: 코스트별 예산 (자동 계산)
A28: 코스트 | B28: 크리처 P | C28: 마나당 효율 | D28: 인챈트 T | E28: 비고
A29: 1 | B29: =ROUND($B$13*A29+$B$14+(A29-1)^2*$B$15,0) -> 4 | C29: =ROUND(B29/A29,1) -> 4 | D29: =ROUND($B$16*A29+$B$17+(A29-1)^2*$B$15,0) -> 6 | E29: 기반
A30: 2 | B30: =ROUND($B$13*A30+$B$14+(A30-1)^2*$B$15,0) -> 8 | C30: =ROUND(B30/A30,1) -> 4 | D30: =ROUND($B$16*A30+$B$17+(A30-1)^2*$B$15,0) -> 11 | E30: 기반
A31: 3 | B31: =ROUND($B$13*A31+$B$14+(A31-1)^2*$B$15,0) -> 12 | C31: =ROUND(B31/A31,1) -> 4 | D31: =ROUND($B$16*A31+$B$17+(A31-1)^2*$B$15,0) -> 16 | E31: 전환점
A32: 4 | B32: =ROUND($B$13*A32+$B$14+(A32-1)^2*$B$15,0) -> 18 | C32: =ROUND(B32/A32,1) -> 4.5 | D32: =ROUND($B$16*A32+$B$17+(A32-1)^2*$B$15,0) -> 23 | E32: 가속
A33: 5 | B33: =ROUND($B$13*A33+$B$14+(A33-1)^2*$B$15,0) -> 24 | C33: =ROUND(B33/A33,1) -> 4.8 | D33: =ROUND($B$16*A33+$B$17+(A33-1)^2*$B$15,0) -> 30 | E33: 가속
A34: 6 | B34: =ROUND($B$13*A34+$B$14+(A34-1)^2*$B$15,0) -> 32 | C34: =ROUND(B34/A34,1) -> 5.3 | D34: =ROUND($B$16*A34+$B$17+(A34-1)^2*$B$15,0) -> 39 | E34: 결정력 구간
A37: 스펠 기준 티어 (직접 입력)
A38: 기준: 자기 코스트 +1 등급 크리처까지 처치 가능
A39: 코스트 | B39: 단일 제거 | C39: 광역 | D39: 직접 피해 | E39: 비고
A40: 1 | B40: 2
A41: 2 | B41: 4 | C41: 2
A42: 3 | B42: 6 | C42: 3 | D42: 5 | E42: 직접 피해는 수호 무시
A43: 4 | B43: 8 | C43: 5
A44: 5 | B44: 12 | C44: 7
A45: 6 | B45: 99 | C45: 10 | E45: 6코 단일은 무조건 파괴

Sheet 크리처
A1: 크리처 카드 데이터
A2: ATK / HP / 매수만 입력하면 예산 검산이 자동으로 붙습니다. 판정이 '초과'면 너무 강한 카드입니다.
A4: ID | B4: 카드명 | C4: 코스트 | D4: 태그 | E4: ATK | F4: HP | G4: 덱 매수 | H4: 소모 P | I4: 예산 P | J4: 편차 | K4: 판정 | L4: 마나당 효율 | M4: 설계 메모
A5: CR01 | B5: 파수병 | C5: 1 | D5: 수호 | E5: 0 | F5: 3 | G5: 3 | H5: =E5*INDEX(규칙상수!$B$21:$B$24,MATCH(D5,규칙상수!$A$21:$A$24,0))+F5*INDEX(규칙상수!$C$21:$C$24,MATCH(D5,규칙상수!$A$21:$A$24,0)) -> 6 | I5: =INDEX(규칙상수!$B$29:$B$34,MATCH(C5,규칙상수!$A$29:$A$34,0))+INDEX(규칙상수!$D$21:$D$24,MATCH(D5,규칙상수!$A$21:$A$24,0)) -> 6 | J5: =H5-I5 -> 0 | K5: =IF(J5=0,"적정",IF(J5>0,"초과 +"&J5,"미달 "&J5)) -> 적정 | L5: =ROUND(H5/C5,1) -> 6 | M5: 1코 스택 주력. 흡수 1회 × 5중첩 가능
A6: CR02 | B6: 잔날개 | C6: 1 | D6: 일반 | E6: 1 | F6: 2 | G6: 1 | H6: =E6*INDEX(규칙상수!$B$21:$B$24,MATCH(D6,규칙상수!$A$21:$A$24,0))+F6*INDEX(규칙상수!$C$21:$C$24,MATCH(D6,규칙상수!$A$21:$A$24,0)) -> 4 | I6: =INDEX(규칙상수!$B$29:$B$34,MATCH(C6,규칙상수!$A$29:$A$34,0))+INDEX(규칙상수!$D$21:$D$24,MATCH(D6,규칙상수!$A$21:$A$24,0)) -> 4 | J6: =H6-I6 -> 0 | K6: =IF(J6=0,"적정",IF(J6>0,"초과 +"&J6,"미달 "&J6)) -> 적정 | L6: =ROUND(H6/C6,1) -> 4 | M6: 초반 페이스 확보용
A7: CR03 | B7: 방벽병 | C7: 2 | D7: 수호 | E7: 1 | F7: 4 | G7: 3 | H7: =E7*INDEX(규칙상수!$B$21:$B$24,MATCH(D7,규칙상수!$A$21:$A$24,0))+F7*INDEX(규칙상수!$C$21:$C$24,MATCH(D7,규칙상수!$A$21:$A$24,0)) -> 10 | I7: =INDEX(규칙상수!$B$29:$B$34,MATCH(C7,규칙상수!$A$29:$A$34,0))+INDEX(규칙상수!$D$21:$D$24,MATCH(D7,규칙상수!$A$21:$A$24,0)) -> 10 | J7: =H7-I7 -> 0 | K7: =IF(J7=0,"적정",IF(J7>0,"초과 +"&J7,"미달 "&J7)) -> 적정 | L7: =ROUND(H7/C7,1) -> 5 | M7: 중첩 시 딜도 누적되는 벽
A8: CR04 | B8: 검사 | C8: 2 | D8: 일반 | E8: 2 | F8: 4 | G8: 2 | H8: =E8*INDEX(규칙상수!$B$21:$B$24,MATCH(D8,규칙상수!$A$21:$A$24,0))+F8*INDEX(규칙상수!$C$21:$C$24,MATCH(D8,규칙상수!$A$21:$A$24,0)) -> 8 | I8: =INDEX(규칙상수!$B$29:$B$34,MATCH(C8,규칙상수!$A$29:$A$34,0))+INDEX(규칙상수!$D$21:$D$24,MATCH(D8,규칙상수!$A$21:$A$24,0)) -> 8 | J8: =H8-I8 -> 0 | K8: =IF(J8=0,"적정",IF(J8>0,"초과 +"&J8,"미달 "&J8)) -> 적정 | L8: =ROUND(H8/C8,1) -> 4 | M8: 커브 기본값
A9: CR05 | B9: 전투매 | C9: 2 | D9: 비행 | E9: 1 | F9: 4 | G9: 2 | H9: =E9*INDEX(규칙상수!$B$21:$B$24,MATCH(D9,규칙상수!$A$21:$A$24,0))+F9*INDEX(규칙상수!$C$21:$C$24,MATCH(D9,규칙상수!$A$21:$A$24,0)) -> 8 | I9: =INDEX(규칙상수!$B$29:$B$34,MATCH(C9,규칙상수!$A$29:$A$34,0))+INDEX(규칙상수!$D$21:$D$24,MATCH(D9,규칙상수!$A$21:$A$24,0)) -> 8 | J9: =H9-I9 -> 0 | K9: =IF(J9=0,"적정",IF(J9>0,"초과 +"&J9,"미달 "&J9)) -> 적정 | L9: =ROUND(H9/C9,1) -> 4 | M9: 저코스트 우회 딜
A10: CR06 | B10: 석벽 | C10: 3 | D10: 수호 | E10: 1 | F10: 6 | G10: 2 | H10: =E10*INDEX(규칙상수!$B$21:$B$24,MATCH(D10,규칙상수!$A$21:$A$24,0))+F10*INDEX(규칙상수!$C$21:$C$24,MATCH(D10,규칙상수!$A$21:$A$24,0)) -> 14 | I10: =INDEX(규칙상수!$B$29:$B$34,MATCH(C10,규칙상수!$A$29:$A$34,0))+INDEX(규칙상수!$D$21:$D$24,MATCH(D10,규칙상수!$A$21:$A$24,0)) -> 14 | J10: =H10-I10 -> 0 | K10: =IF(J10=0,"적정",IF(J10>0,"초과 +"&J10,"미달 "&J10)) -> 적정 | L10: =ROUND(H10/C10,1) -> 4.7 | M10: 단일 제거 3코로는 못 잡음
A11: CR07 | B11: 창병 | C11: 3 | D11: 일반 | E11: 4 | F11: 4 | G11: 2 | H11: =E11*INDEX(규칙상수!$B$21:$B$24,MATCH(D11,규칙상수!$A$21:$A$24,0))+F11*INDEX(규칙상수!$C$21:$C$24,MATCH(D11,규칙상수!$A$21:$A$24,0)) -> 12 | I11: =INDEX(규칙상수!$B$29:$B$34,MATCH(C11,규칙상수!$A$29:$A$34,0))+INDEX(규칙상수!$D$21:$D$24,MATCH(D11,규칙상수!$A$21:$A$24,0)) -> 12 | J11: =H11-I11 -> 0 | K11: =IF(J11=0,"적정",IF(J11>0,"초과 +"&J11,"미달 "&J11)) -> 적정 | L11: =ROUND(H11/C11,1) -> 4 | M11: 3코 최대 딜
A12: CR08 | B12: 그리핀 | C12: 3 | D12: 비행 | E12: 2 | F12: 4 | G12: 1 | H12: =E12*INDEX(규칙상수!$B$21:$B$24,MATCH(D12,규칙상수!$A$21:$A$24,0))+F12*INDEX(규칙상수!$C$21:$C$24,MATCH(D12,규칙상수!$A$21:$A$24,0)) -> 12 | I12: =INDEX(규칙상수!$B$29:$B$34,MATCH(C12,규칙상수!$A$29:$A$34,0))+INDEX(규칙상수!$D$21:$D$24,MATCH(D12,규칙상수!$A$21:$A$24,0)) -> 12 | J12: =H12-I12 -> 0 | K12: =IF(J12=0,"적정",IF(J12>0,"초과 +"&J12,"미달 "&J12)) -> 적정 | L12: =ROUND(H12/C12,1) -> 4 | M12: 수호 덱 상대 핵심
A13: CR09 | B13: 기사 | C13: 4 | D13: 일반 | E13: 6 | F13: 6 | G13: 1 | H13: =E13*INDEX(규칙상수!$B$21:$B$24,MATCH(D13,규칙상수!$A$21:$A$24,0))+F13*INDEX(규칙상수!$C$21:$C$24,MATCH(D13,규칙상수!$A$21:$A$24,0)) -> 18 | I13: =INDEX(규칙상수!$B$29:$B$34,MATCH(C13,규칙상수!$A$29:$A$34,0))+INDEX(규칙상수!$D$21:$D$24,MATCH(D13,규칙상수!$A$21:$A$24,0)) -> 18 | J13: =H13-I13 -> 0 | K13: =IF(J13=0,"적정",IF(J13>0,"초과 +"&J13,"미달 "&J13)) -> 적정 | L13: =ROUND(H13/C13,1) -> 4.5 | M13: 중반 전환점
A14: CR10 | B14: 와이번 | C14: 4 | D14: 비행 | E14: 4 | F14: 2 | G14: 1 | H14: =E14*INDEX(규칙상수!$B$21:$B$24,MATCH(D14,규칙상수!$A$21:$A$24,0))+F14*INDEX(규칙상수!$C$21:$C$24,MATCH(D14,규칙상수!$A$21:$A$24,0)) -> 18 | I14: =INDEX(규칙상수!$B$29:$B$34,MATCH(C14,규칙상수!$A$29:$A$34,0))+INDEX(규칙상수!$D$21:$D$24,MATCH(D14,규칙상수!$A$21:$A$24,0)) -> 18 | J14: =H14-I14 -> 0 | K14: =IF(J14=0,"적정",IF(J14>0,"초과 +"&J14,"미달 "&J14)) -> 적정 | L14: =ROUND(H14/C14,1) -> 4.5 | M14: 유리대포. 저코스트 제거에 취약
A15: CR11 | B15: 장군 | C15: 5 | D15: 일반 | E15: 8 | F15: 8 | G15: 1 | H15: =E15*INDEX(규칙상수!$B$21:$B$24,MATCH(D15,규칙상수!$A$21:$A$24,0))+F15*INDEX(규칙상수!$C$21:$C$24,MATCH(D15,규칙상수!$A$21:$A$24,0)) -> 24 | I15: =INDEX(규칙상수!$B$29:$B$34,MATCH(C15,규칙상수!$A$29:$A$34,0))+INDEX(규칙상수!$D$21:$D$24,MATCH(D15,규칙상수!$A$21:$A$24,0)) -> 24 | J15: =H15-I15 -> 0 | K15: =IF(J15=0,"적정",IF(J15>0,"초과 +"&J15,"미달 "&J15)) -> 적정 | L15: =ROUND(H15/C15,1) -> 4.8 | M15: 5코 피니셔 후보
A16: CR12 | B16: 파괴자 | C16: 6 | D16: 일반 | E16: 11 | F16: 10 | G16: 1 | H16: =E16*INDEX(규칙상수!$B$21:$B$24,MATCH(D16,규칙상수!$A$21:$A$24,0))+F16*INDEX(규칙상수!$C$21:$C$24,MATCH(D16,규칙상수!$A$21:$A$24,0)) -> 32 | I16: =INDEX(규칙상수!$B$29:$B$34,MATCH(C16,규칙상수!$A$29:$A$34,0))+INDEX(규칙상수!$D$21:$D$24,MATCH(D16,규칙상수!$A$21:$A$24,0)) -> 32 | J16: =H16-I16 -> 0 | K16: =IF(J16=0,"적정",IF(J16>0,"초과 +"&J16,"미달 "&J16)) -> 적정 | L16: =ROUND(H16/C16,1) -> 5.3 | M16: 결정력 카드. 대응은 5코 소멸뿐
B17: 합계 / 비율 | G17: =SUM(G5:G16) -> 20 | K17: =COUNTIF(K5:K16,"적정")&" / 12 적정" -> 12 / 12 적정
B19: 수호 비중 | C19: =ROUND(SUMIF($D$5:$D$16,"수호",$G$5:$G$16)/SUM($G$5:$G$16),3) -> 0.4 | D19: 목표 35~40%
B20: 비행 비중 | C20: =ROUND(SUMIF($D$5:$D$16,"비행",$G$5:$G$16)/SUM($G$5:$G$16),3) -> 0.2 | D20: 목표 8~10%

Sheet 스펠
A1: 스펠 카드 데이터
A2: 분류: 단일 / 광역 / 직접. 직접 피해는 수호를 무시하고 플레이어를 때립니다.
A4: ID | B4: 카드명 | C4: 코스트 | D4: 분류 | E4: 수치 | F4: 덱 매수 | G4: 기준 티어 | H4: 편차 | I4: 판정 | J4: 설계 메모
A5: SP01 | B5: 화살 | C5: 1 | D5: 단일 | E5: 2 | F5: 2 | G5: =IF(D5="단일",INDEX(규칙상수!$B$40:$B$45,MATCH(C5,규칙상수!$A$40:$A$45,0)),IF(D5="광역",INDEX(규칙상수!$C$40:$C$45,MATCH(C5,규칙상수!$A$40:$A$45,0)),INDEX(규칙상수!$D$40:$D$45,MATCH(C5,규칙상수!$A$40:$A$45,0)))) -> 2 | H5: =E5-G5 -> 0 | I5: =IF(H5=0,"적정",IF(H5>0,"초과 +"&H5,"미달 "&H5)) -> 적정 | J5: 2코 크리처 1개체 처리
A6: SP02 | B6: 창격 | C6: 2 | D6: 단일 | E6: 4 | F6: 2 | G6: =IF(D6="단일",INDEX(규칙상수!$B$40:$B$45,MATCH(C6,규칙상수!$A$40:$A$45,0)),IF(D6="광역",INDEX(규칙상수!$C$40:$C$45,MATCH(C6,규칙상수!$A$40:$A$45,0)),INDEX(규칙상수!$D$40:$D$45,MATCH(C6,규칙상수!$A$40:$A$45,0)))) -> 4 | H6: =E6-G6 -> 0 | I6: =IF(H6=0,"적정",IF(H6>0,"초과 +"&H6,"미달 "&H6)) -> 적정 | J6: 3코 수호(HP 4~6) 대응
A7: SP03 | B7: 처형 | C7: 3 | D7: 단일 | E7: 6 | F7: 2 | G7: =IF(D7="단일",INDEX(규칙상수!$B$40:$B$45,MATCH(C7,규칙상수!$A$40:$A$45,0)),IF(D7="광역",INDEX(규칙상수!$C$40:$C$45,MATCH(C7,규칙상수!$A$40:$A$45,0)),INDEX(규칙상수!$D$40:$D$45,MATCH(C7,규칙상수!$A$40:$A$45,0)))) -> 6 | H7: =E7-G7 -> 0 | I7: =IF(H7=0,"적정",IF(H7>0,"초과 +"&H7,"미달 "&H7)) -> 적정 | J7: 4코 크리처까지 사정권
A8: SP04 | B8: 화염비 | C8: 4 | D8: 광역 | E8: 5 | F8: 1 | G8: =IF(D8="단일",INDEX(규칙상수!$B$40:$B$45,MATCH(C8,규칙상수!$A$40:$A$45,0)),IF(D8="광역",INDEX(규칙상수!$C$40:$C$45,MATCH(C8,규칙상수!$A$40:$A$45,0)),INDEX(규칙상수!$D$40:$D$45,MATCH(C8,규칙상수!$A$40:$A$45,0)))) -> 5 | H8: =E8-G8 -> 0 | I8: =IF(H8=0,"적정",IF(H8>0,"초과 +"&H8,"미달 "&H8)) -> 적정 | J8: 스택 덱의 유일한 해답
A9: SP05 | B9: 소멸 | C9: 5 | D9: 단일 | E9: 12 | F9: 1 | G9: =IF(D9="단일",INDEX(규칙상수!$B$40:$B$45,MATCH(C9,규칙상수!$A$40:$A$45,0)),IF(D9="광역",INDEX(규칙상수!$C$40:$C$45,MATCH(C9,규칙상수!$A$40:$A$45,0)),INDEX(규칙상수!$D$40:$D$45,MATCH(C9,규칙상수!$A$40:$A$45,0)))) -> 12 | H9: =E9-G9 -> 0 | I9: =IF(H9=0,"적정",IF(H9>0,"초과 +"&H9,"미달 "&H9)) -> 적정 | J9: 6코 크리처 대응 카드
B10: 합계 | F10: =SUM(F5:F9) -> 8

Sheet 인챈트
A1: 인챈트 카드 데이터
A2: 총산출 T = 효과값 E × 충전 C. 대상이 '전체'면 보드 크리처 수만큼 곱해지므로 E를 절반으로 잡습니다.
A4: ID | B4: 카드명 | C4: 코스트 | D4: 소모 타입 | E4: 효과값 E | F4: 충전 C | G4: 대상 | H4: 덱 매수 | I4: 총산출 T | J4: 예산 T | K4: 편차 | L4: 판정 | M4: 효과 설명
A5: EN01 | B5: 성화 | C5: 3 | D5: 지속형 | E5: 3 | F5: 5 | G5: 상대 | H5: 2 | I5: =E5*F5 -> 15 | J5: =INDEX(규칙상수!$D$29:$D$34,MATCH(C5,규칙상수!$A$29:$A$34,0)) -> 16 | K5: =I5-J5 -> -1 | L5: =IF(K5=0,"적정",IF(K5>0,"초과 +"&K5,"미달 "&K5)) -> 미달 -1 | M5: 내 턴 종료마다 상대에게 3 피해
A6: EN02 | B6: 군기 | C6: 4 | D6: 지속형 | E6: 2 | F6: 5 | G6: 전체 | H6: 0 | I6: =E6*F6 -> 10 | J6: =INDEX(규칙상수!$D$29:$D$34,MATCH(C6,규칙상수!$A$29:$A$34,0)) -> 23 | K6: =I6-J6 -> -13 | L6: =IF(K6=0,"적정",IF(K6>0,"초과 +"&K6,"미달 "&K6)) -> 미달 -13 | M6: 내 크리처 전체 ATK +2 (미구현 · 잠정)
A7: EN03 | B7: 각성 | C7: 2 | D7: 사용형 | E7: 5 | F7: 2 | G7: 단일 | H7: 0 | I7: =E7*F7 -> 10 | J7: =INDEX(규칙상수!$D$29:$D$34,MATCH(C7,규칙상수!$A$29:$A$34,0)) -> 11 | K7: =I7-J7 -> -1 | L7: =IF(K7=0,"적정",IF(K7>0,"초과 +"&K7,"미달 "&K7)) -> 미달 -1 | M7: 내 크리처 1개체 HP +5 (미구현 · 잠정)
B8: 합계 | H8: =SUM(H5:H7) -> 2
A10: 소모 타입 정의
A11: 지속형 | B11: 내 턴 종료마다 충전 1 소모. 수명 예측 가능
A12: 발동형 | B12: 조건 충족 시 충전 1 소모. 상대 플레이가 수명 결정
A13: 사용형 | B13: 능동 사용 시 충전 1 소모. 타이밍을 내가 쥠, 가장 비쌈

Sheet 덱검산
A1: 덱 구성 검산
A2: 각 시트의 덱 매수를 합산합니다. 목표 덱 사이즈와 맞는지 확인하세요.
A4: 크리처 매수 | B4: =SUM(크리처!G5:G16) -> 20 | C4: 타입별 합계
A5: 스펠 매수 | B5: =SUM(스펠!F5:F9) -> 8
A6: 인챈트 매수 | B6: =SUM(인챈트!H5:H7) -> 2
A7: 총 카드 수 | B7: =B4+B5+B6 -> 30 | C7: 목표 덱 사이즈와 일치해야 함
A8: 목표 덱 사이즈 | B8: =규칙상수!B9 -> 30 | C8: 규칙상수 시트에서 조정
A9: 차이 | B9: =B7-B8 -> 0 | C9: 0이 되어야 정상
A12: 예산 검산 요약
A13: 예산 초과 크리처 | B13: =COUNTIF(크리처!K5:K16,"초과*") -> 0 | C13: 0이 이상적. 1 이상이면 해당 카드 확인
A14: 예산 미달 크리처 | B14: =COUNTIF(크리처!K5:K16,"미달*") -> 0 | C14: 약간의 미달은 허용 — 태그가 없는 바닐라라면 재조정
A15: 예산 초과 스펠 | B15: =COUNTIF(스펠!I5:I9,"초과*") -> 0
A16: 예산 초과 인챈트 | B16: =COUNTIF(인챈트!L5:L7,"초과*") -> 0
A19: 게임 속도 추정
A20: 보드 총 ATK | B20: =SUMPRODUCT(크리처!E5:E16,크리처!G5:G16) -> 51 | C20: 덱의 모든 크리처를 다 깔았을 때의 총 공격력 (참고값)
A21: 시작 HP | B21: =규칙상수!B5 -> 60 | C21: 규칙상수 시트 연동
A24: 미확정 사항
A25: · 덱 소진 시 누적 피해 규칙 — 수치 미정
A26: · 슬롯 10칸 만석 시 처리 — 소환 불가 / 밀어내기 택일
A27: · 인챈트 발동과 크리처 공격의 선후 관계 — 현재는 공격 후 인챈트
A28: · 비행+수호 조합의 예산 가중치 — 잠정치 사용 중
A29: · 수호 파괴 보상 카드의 강도와 채용 수
A32: 범례
A33: 파란 글씨 + 노란 배경 | B33: 직접 입력하는 값
A34: 검은 글씨 | B34: 수식 — 수정하지 마세요
